event_id,hazard,event_name,alert,status,event_started,source,station_name,latitude,longitude,distance_km,bearing_deg,severity_band,sla_extension_days,impact_model,source_url
bmkg:2026-09-25T19:39:29+00:00_-8.230_120.310,earthquake,M 4.9 earthquake — Pusat gempa berada di laut 46 km utara Ruteng-Manggarai,green,active,2026-09-25T19:39:29+00:00,BMKG,Reok Hub,-8.307278,120.488194,21.4,113.7,Moderate shaking,2,radial,https://data.bmkg.go.id/gempabumi
bmkg:2026-09-25T19:39:29+00:00_-8.230_120.310,earthquake,M 4.9 earthquake — Pusat gempa berada di laut 46 km utara Ruteng-Manggarai,green,active,2026-09-25T19:39:29+00:00,BMKG,MH Langke Rembong 3 Hub,-8.587036,120.437015,42.1,160.6,Felt,1,radial,https://data.bmkg.go.id/gempabumi
bmkg:2026-09-25T19:39:29+00:00_-8.230_120.310,earthquake,M 4.9 earthquake — Pusat gempa berada di laut 46 km utara Ruteng-Manggarai,green,active,2026-09-25T19:39:29+00:00,BMKG,MH Langke Rembong 2 Hub,-8.587036,120.437015,42.1,160.6,Felt,1,radial,https://data.bmkg.go.id/gempabumi
bmkg:2026-09-25T19:39:29+00:00_-8.230_120.310,earthquake,M 4.9 earthquake — Pusat gempa berada di laut 46 km utara Ruteng-Manggarai,green,active,2026-09-25T19:39:29+00:00,BMKG,MH Langke Rembong Hub,-8.587036,120.437015,42.1,160.6,Felt,1,radial,https://data.bmkg.go.id/gempabumi
bmkg:2026-09-25T19:39:29+00:00_-8.230_120.310,earthquake,M 4.9 earthquake — Pusat gempa berada di laut 46 km utara Ruteng-Manggarai,green,active,2026-09-25T19:39:29+00:00,BMKG,Langke Rembong Hub,-8.59045,120.440413,42.6,160.3,Felt,1,radial,https://data.bmkg.go.id/gempabumi
bmkg:2026-09-25T19:39:29+00:00_-8.230_120.310,earthquake,M 4.9 earthquake — Pusat gempa berada di laut 46 km utara Ruteng-Manggarai,green,active,2026-09-25T19:39:29+00:00,BMKG,Langke Rembong First Mile Hub,-8.59045,120.440413,42.6,160.3,Felt,1,radial,https://data.bmkg.go.id/gempabumi
bmkg:2026-09-25T19:39:29+00:00_-8.230_120.310,earthquake,M 4.9 earthquake — Pusat gempa berada di laut 46 km utara Ruteng-Manggarai,green,active,2026-09-25T19:39:29+00:00,BMKG,Langke Rembong 4 Hub,-8.608812,120.470249,45.7,157.3,Felt,1,radial,https://data.bmkg.go.id/gempabumi
bmkg:2026-09-25T19:39:29+00:00_-8.230_120.310,earthquake,M 4.9 earthquake — Pusat gempa berada di laut 46 km utara Ruteng-Manggarai,green,active,2026-09-25T19:39:29+00:00,BMKG,MH Labuhan Bajo Hub,-8.486337,119.898948,53.5,237.7,Felt,1,radial,https://data.bmkg.go.id/gempabumi
bmkg:2026-09-25T19:39:29+00:00_-8.230_120.310,earthquake,M 4.9 earthquake — Pusat gempa berada di laut 46 km utara Ruteng-Manggarai,green,active,2026-09-25T19:39:29+00:00,BMKG,Labuhan Bajo First Mile Hub,-8.486337,119.898948,53.5,237.7,Felt,1,radial,https://data.bmkg.go.id/gempabumi
bmkg:2026-09-25T19:39:29+00:00_-8.230_120.310,earthquake,M 4.9 earthquake — Pusat gempa berada di laut 46 km utara Ruteng-Manggarai,green,active,2026-09-25T19:39:29+00:00,BMKG,Labuhan Bajo Hub,-8.486337,119.898948,53.5,237.7,Felt,1,radial,https://data.bmkg.go.id/gempabumi
bmkg:2026-09-25T19:39:29+00:00_-8.230_120.310,earthquake,M 4.9 earthquake — Pusat gempa berada di laut 46 km utara Ruteng-Manggarai,green,active,2026-09-25T19:39:29+00:00,BMKG,Labuhan Bajo DC,-8.486337,119.898948,53.5,237.7,Felt,1,radial,https://data.bmkg.go.id/gempabumi
bmkg:2026-09-25T19:39:29+00:00_-8.230_120.310,earthquake,M 4.9 earthquake — Pusat gempa berada di laut 46 km utara Ruteng-Manggarai,green,active,2026-09-25T19:39:29+00:00,BMKG,MH 2 Lembor Hub,-8.710904,120.166808,55.7,196.4,Felt,1,radial,https://data.bmkg.go.id/gempabumi
bmkg:2026-09-25T19:39:29+00:00_-8.230_120.310,earthquake,M 4.9 earthquake — Pusat gempa berada di laut 46 km utara Ruteng-Manggarai,green,active,2026-09-25T19:39:29+00:00,BMKG,MH 1 Lembor Hub,-8.710904,120.166808,55.7,196.4,Felt,1,radial,https://data.bmkg.go.id/gempabumi
bmkg:2026-09-25T19:39:29+00:00_-8.230_120.310,earthquake,M 4.9 earthquake — Pusat gempa berada di laut 46 km utara Ruteng-Manggarai,green,active,2026-09-25T19:39:29+00:00,BMKG,Lembor Hub,-8.710904,120.166808,55.7,196.4,Felt,1,radial,https://data.bmkg.go.id/gempabumi
bmkg:2026-09-25T19:39:29+00:00_-8.230_120.310,earthquake,M 4.9 earthquake — Pusat gempa berada di laut 46 km utara Ruteng-Manggarai,green,active,2026-09-25T19:39:29+00:00,BMKG,MH Borong 3 Hub,-8.813367,120.606253,72.6,153.4,Felt,1,radial,https://data.bmkg.go.id/gempabumi
bmkg:2026-09-25T19:39:29+00:00_-8.230_120.310,earthquake,M 4.9 earthquake — Pusat gempa berada di laut 46 km utara Ruteng-Manggarai,green,active,2026-09-25T19:39:29+00:00,BMKG,MH Borong 2 Hub,-8.813367,120.606253,72.6,153.4,Felt,1,radial,https://data.bmkg.go.id/gempabumi
bmkg:2026-09-25T19:39:29+00:00_-8.230_120.310,earthquake,M 4.9 earthquake — Pusat gempa berada di laut 46 km utara Ruteng-Manggarai,green,active,2026-09-25T19:39:29+00:00,BMKG,MH Borong Hub,-8.813367,120.606253,72.6,153.4,Felt,1,radial,https://data.bmkg.go.id/gempabumi
bmkg:2026-09-25T19:39:29+00:00_-8.230_120.310,earthquake,M 4.9 earthquake — Pusat gempa berada di laut 46 km utara Ruteng-Manggarai,green,active,2026-09-25T19:39:29+00:00,BMKG,Borong Hub,-8.813367,120.606253,72.6,153.4,Felt,1,radial,https://data.bmkg.go.id/gempabumi
bmkg:2026-09-25T19:39:29+00:00_-8.230_120.310,earthquake,M 4.9 earthquake — Pusat gempa berada di laut 46 km utara Ruteng-Manggarai,green,active,2026-09-25T19:39:29+00:00,BMKG,Borong First Mile Hub,-8.815701,120.606963,72.9,153.4,Felt,1,radial,https://data.bmkg.go.id/gempabumi
bmkg:2026-09-26T19:37:02+00:00_-8.100_120.280,earthquake,"M 4.9 earthquake — Pusat gempa berada di laut 61 km utara Ruteng, Manggarai",green,active,2026-09-26T19:37:02+00:00,BMKG,Reok Hub,-8.307278,120.488194,32.5,135.2,Moderate shaking,2,radial,https://data.bmkg.go.id/gempabumi
bmkg:2026-09-26T19:37:02+00:00_-8.100_120.280,earthquake,"M 4.9 earthquake — Pusat gempa berada di laut 61 km utara Ruteng, Manggarai",green,active,2026-09-26T19:37:02+00:00,BMKG,MH Langke Rembong 3 Hub,-8.587036,120.437015,56.8,162.3,Felt,1,radial,https://data.bmkg.go.id/gempabumi
bmkg:2026-09-26T19:37:02+00:00_-8.100_120.280,earthquake,"M 4.9 earthquake — Pusat gempa berada di laut 61 km utara Ruteng, Manggarai",green,active,2026-09-26T19:37:02+00:00,BMKG,MH Langke Rembong 2 Hub,-8.587036,120.437015,56.8,162.3,Felt,1,radial,https://data.bmkg.go.id/gempabumi
bmkg:2026-09-26T19:37:02+00:00_-8.100_120.280,earthquake,"M 4.9 earthquake — Pusat gempa berada di laut 61 km utara Ruteng, Manggarai",green,active,2026-09-26T19:37:02+00:00,BMKG,MH Langke Rembong Hub,-8.587036,120.437015,56.8,162.3,Felt,1,radial,https://data.bmkg.go.id/gempabumi
bmkg:2026-09-26T19:37:02+00:00_-8.100_120.280,earthquake,"M 4.9 earthquake — Pusat gempa berada di laut 61 km utara Ruteng, Manggarai",green,active,2026-09-26T19:37:02+00:00,BMKG,Langke Rembong Hub,-8.59045,120.440413,57.3,162.1,Felt,1,radial,https://data.bmkg.go.id/gempabumi
bmkg:2026-09-26T19:37:02+00:00_-8.100_120.280,earthquake,"M 4.9 earthquake — Pusat gempa berada di laut 61 km utara Ruteng, Manggarai",green,active,2026-09-26T19:37:02+00:00,BMKG,Langke Rembong First Mile Hub,-8.59045,120.440413,57.3,162.1,Felt,1,radial,https://data.bmkg.go.id/gempabumi
bmkg:2026-09-26T19:37:02+00:00_-8.100_120.280,earthquake,"M 4.9 earthquake — Pusat gempa berada di laut 61 km utara Ruteng, Manggarai",green,active,2026-09-26T19:37:02+00:00,BMKG,MH Labuhan Bajo Hub,-8.486337,119.898948,60.0,224.3,Felt,1,radial,https://data.bmkg.go.id/gempabumi
bmkg:2026-09-26T19:37:02+00:00_-8.100_120.280,earthquake,"M 4.9 earthquake — Pusat gempa berada di laut 61 km utara Ruteng, Manggarai",green,active,2026-09-26T19:37:02+00:00,BMKG,Labuhan Bajo First Mile Hub,-8.486337,119.898948,60.0,224.3,Felt,1,radial,https://data.bmkg.go.id/gempabumi
bmkg:2026-09-26T19:37:02+00:00_-8.100_120.280,earthquake,"M 4.9 earthquake — Pusat gempa berada di laut 61 km utara Ruteng, Manggarai",green,active,2026-09-26T19:37:02+00:00,BMKG,Labuhan Bajo Hub,-8.486337,119.898948,60.0,224.3,Felt,1,radial,https://data.bmkg.go.id/gempabumi
bmkg:2026-09-26T19:37:02+00:00_-8.100_120.280,earthquake,"M 4.9 earthquake — Pusat gempa berada di laut 61 km utara Ruteng, Manggarai",green,active,2026-09-26T19:37:02+00:00,BMKG,Labuhan Bajo DC,-8.486337,119.898948,60.0,224.3,Felt,1,radial,https://data.bmkg.go.id/gempabumi
bmkg:2026-09-26T19:37:02+00:00_-8.100_120.280,earthquake,"M 4.9 earthquake — Pusat gempa berada di laut 61 km utara Ruteng, Manggarai",green,active,2026-09-26T19:37:02+00:00,BMKG,Langke Rembong 4 Hub,-8.608812,120.470249,60.3,159.7,Felt,1,radial,https://data.bmkg.go.id/gempabumi
bmkg:2026-09-26T19:37:02+00:00_-8.100_120.280,earthquake,"M 4.9 earthquake — Pusat gempa berada di laut 61 km utara Ruteng, Manggarai",green,active,2026-09-26T19:37:02+00:00,BMKG,MH 2 Lembor Hub,-8.710904,120.166808,69.1,190.4,Felt,1,radial,https://data.bmkg.go.id/gempabumi
bmkg:2026-09-26T19:37:02+00:00_-8.100_120.280,earthquake,"M 4.9 earthquake — Pusat gempa berada di laut 61 km utara Ruteng, Manggarai",green,active,2026-09-26T19:37:02+00:00,BMKG,MH 1 Lembor Hub,-8.710904,120.166808,69.1,190.4,Felt,1,radial,https://data.bmkg.go.id/gempabumi
bmkg:2026-09-26T19:37:02+00:00_-8.100_120.280,earthquake,"M 4.9 earthquake — Pusat gempa berada di laut 61 km utara Ruteng, Manggarai",green,active,2026-09-26T19:37:02+00:00,BMKG,Lembor Hub,-8.710904,120.166808,69.1,190.4,Felt,1,radial,https://data.bmkg.go.id/gempabumi
bmkg:2026-09-25T13:47:30+00:00_-7.040_105.220,earthquake,M 4.7 earthquake — Pusat gempa berada di laut 58 km barat daya Sumur,green,active,2026-09-25T13:47:30+00:00,BMKG,Cimanggu Hub,-6.709611,105.647492,59.8,52.1,Felt,1,radial,https://data.bmkg.go.id/gempabumi
bmkg:2026-09-25T13:47:30+00:00_-7.040_105.220,earthquake,M 4.7 earthquake — Pusat gempa berada di laut 58 km barat daya Sumur,green,active,2026-09-25T13:47:30+00:00,BMKG,Cibitung Kab Pandeglang Hub,-6.766439,105.699692,61.1,60.2,Felt,1,radial,https://data.bmkg.go.id/gempabumi
bmkg:2026-09-25T13:47:30+00:00_-7.040_105.220,earthquake,M 4.7 earthquake — Pusat gempa berada di laut 58 km barat daya Sumur,green,active,2026-09-25T13:47:30+00:00,BMKG,MH Cibaliung 2 Hub,-6.718896,105.706204,64.5,56.4,Felt,1,radial,https://data.bmkg.go.id/gempabumi
bmkg:2026-09-25T13:47:30+00:00_-7.040_105.220,earthquake,M 4.7 earthquake — Pusat gempa berada di laut 58 km barat daya Sumur,green,active,2026-09-25T13:47:30+00:00,BMKG,MH Cibaliung Hub,-6.718896,105.706204,64.5,56.4,Felt,1,radial,https://data.bmkg.go.id/gempabumi
bmkg:2026-09-25T13:47:30+00:00_-7.040_105.220,earthquake,M 4.7 earthquake — Pusat gempa berada di laut 58 km barat daya Sumur,green,active,2026-09-25T13:47:30+00:00,BMKG,Cibaliung Hub,-6.714598,105.708037,64.9,56.1,Felt,1,radial,https://data.bmkg.go.id/gempabumi
bmkg:2026-09-25T13:47:30+00:00_-7.040_105.220,earthquake,M 4.7 earthquake — Pusat gempa berada di laut 58 km barat daya Sumur,green,active,2026-09-25T13:47:30+00:00,BMKG,Cikeusik First Mile Hub,-6.791846,105.853184,75.1,68.5,Felt,1,radial,https://data.bmkg.go.id/gempabumi
